DatePeriod,cpi_index,fed_funds_rate,yield_10y,yield_2y,unemployment_rate,industrial_production,vix,cpi_yoy,term_spread_10y_2y,target_SPY,target_GLD,target_VNQ,target_XLE,target_XLF,target_XLK
2005-02,192.4,2.5,4.36,3.59,5.4,96.5761,12.08,0.0305302624531333,0.7700000000000005,0.0,0.0058233340628092,-0.0065447300312909,-0.0002146729149964,-0.0210075365778088,0.0025848157072619
2005-03,193.1,2.63,4.5,3.8,5.2,96.4456,14.02,0.0320684126135757,0.7000000000000002,0.0,0.027258444172086,0.0852172407717628,-0.0360865325938972,0.0219756351739086,-0.0203944991509613
2005-04,193.7,2.79,4.21,3.66,5.2,96.6532,15.31,0.0336179295624332,0.5499999999999998,0.0,-0.0714404514209593,0.0029873215772242,-0.0043581892092683,-0.0026886694266889,0.0371971731733278
2005-05,193.6,3.0,4.0,3.6,5.1,96.7402,13.29,0.0286928799149841,0.3999999999999999,0.0,0.0454883861296512,0.0370545800985483,0.0689692576301773,0.0089999438609803,-0.0103731045372407
2005-06,193.7,3.04,3.94,3.66,5.0,97.1753,12.04,0.0254102699841185,0.2799999999999998,0.0,-0.0567245820788842,0.0407658832876172,0.0317623599784866,-0.0208128309784307,0.0142750777911038
2005-07,194.9,3.26,4.28,4.02,5.0,96.8676,11.57,0.0306716023268112,0.2600000000000007,0.0,0.0229193805508352,-0.0311728086570263,0.073239428689833,-0.0069973494910028,-0.0001269472792373
2005-08,196.1,3.5,4.02,3.84,4.9,97.1833,12.6,0.0364693446088795,0.1799999999999997,0.0,0.0722845833047001,-0.0019290914285514,0.0560821292238231,-0.0010348895492209,-0.001353966585311
2005-09,198.8,3.62,4.34,4.18,5.0,95.3005,11.92,0.047418335089568,0.1600000000000001,0.0,0.0130707568767751,0.0019020069751902,-0.0682724701188056,0.0559855461517827,-0.003471982300252
2005-10,199.1,3.78,4.57,4.4,5.0,96.4572,15.32,0.0435010482180293,0.1699999999999999,0.0,0.014236785264317,-0.002392193976231,-0.0289997586719499,0.0037127777036278,0.0192205232976809
2005-11,198.1,4.0,4.49,4.42,5.0,97.5414,12.06,0.0333854981742305,0.0700000000000002,0.0,0.0576857684106223,-0.0188245532000459,0.0225151945754852,0.0009009833266331,-0.0301332356540997
2005-12,198.1,4.16,4.39,4.41,4.9,98.0452,12.07,0.0333854981742305,-0.0200000000000004,0.0,0.0698209532113984,0.0749189531396608,0.119651729509089,-0.0140238752542745,0.0111315452750402
2006-01,199.3,4.29,4.53,4.54,4.7,98.1999,12.95,0.0401878914405011,-0.0099999999999997,0.0,-0.0168364855763074,0.0128539274216252,-0.0979909299364145,0.0155579734023851,-0.0034111367112124
2006-02,199.4,4.49,4.55,4.69,4.8,98.2413,12.34,0.0363825363825363,-0.1400000000000005,0.0,0.0237269635426669,0.028601191680482,0.0268803691773247,-0.0149294611977177,0.0101550768431795
2006-03,199.7,4.59,4.86,4.82,4.7,98.4628,11.39,0.034179181771103,0.04,0.0,0.1036510109294621,-0.0450355200984713,0.0368214427381357,0.0322544452981079,-0.0297571402273207
2006-04,200.7,4.79,5.07,4.87,4.7,98.7618,11.59,0.0361383582860093,0.2000000000000001,0.0,0.016908576171656,0.0031431233379703,0.0022942868933578,-0.0075700892582867,-0.0348670750566142
2006-05,201.3,4.94,5.12,5.04,4.6,98.7869,16.44,0.0397727272727272,0.08,0.0,-0.0449032684707348,0.0403376426672525,0.0234061464002117,-0.0085997622442425,-0.0030918602987732
2006-06,201.8,4.99,5.15,5.16,4.6,99.0997,13.08,0.0418172431595251,-0.0099999999999997,0.0,0.0226024954192107,0.0410763591555816,0.0283858300063133,0.019936979372235,-0.0349875103345945
2006-07,202.9,5.24,4.99,4.97,4.7,99.0489,14.95,0.0410466906105695,0.0200000000000004,0.0,-0.0355971244961496,0.0130203567581095,-0.0726326454595592,-0.0100330132406476,0.048379433164654
2006-08,203.8,5.25,4.74,4.79,4.7,99.4836,12.31,0.0392656807751148,-0.0499999999999998,0.0,-0.0677769443066773,-0.0124034375585579,-0.0623828712311341,0.0118542130456567,0.0157204192142248
2006-09,202.8,5.25,4.64,4.71,4.5,99.3183,11.98,0.0201207243460763,-0.0700000000000002,0.0,-0.0231055699646212,0.0342574627484419,0.0101753432126798,-0.0068244529865149,0.0056054986570446
2006-10,201.9,5.25,4.61,4.71,4.4,99.2044,11.1,0.0140632847815169,-0.0999999999999996,0.0,0.0490063981016388,0.0279269958511361,0.0658862271441798,-0.0128294318869397,0.0085369938610393
2006-11,202.0,5.25,4.46,4.62,4.5,99.1627,10.91,0.0196870267541646,-0.1600000000000001,0.0,-0.0260825674489991,-0.0451363982249309,-0.0388261288169728,0.0219521087461391,-0.0188111703878525
2006-12,203.1,5.24,4.71,4.82,4.4,100.1735,11.56,0.0252397778899544,-0.1100000000000003,0.0,0.0049333708125844,0.088516006378744,-0.0269441202382679,-0.0036730661853308,0.0053578807041403
2007-01,203.437,5.25,4.83,4.94,4.6,99.8346,10.42,0.0207576517812342,-0.1100000000000003,0.0,0.0450683906510231,-0.0073648632896261,-0.0008688864246259,-0.0108576351876611,-0.0073526941979136
2007-02,204.226,5.26,4.56,4.65,4.5,100.7753,15.42,0.0242026078234702,-0.0900000000000007,0.0,-0.0187239977732246,-0.0339729201182698,0.0518097584294499,-0.0164938735634714,0.0023682067533055
2007-03,205.288,5.26,4.65,4.58,4.4,100.9547,14.64,0.0279819729594392,0.0700000000000002,0.0,-0.0279017954776195,-0.04392154969751,0.006272285705575,-0.0053325182616463,-0.001267426037264
2007-04,205.904,5.25,4.63,4.6,4.5,101.6334,14.22,0.0259292476332835,0.0300000000000002,0.0,-0.0570235396860784,-0.0377053227411376,0.0438763901350653,-0.0098727443525152,0.016448239271589
2007-05,206.755,5.25,4.9,4.92,4.4,101.7306,13.05,0.0270988574267261,-0.0199999999999995,0.0,-0.0005278762147129,-0.0824805806421498,0.028952184450937,-0.0265331671343592,0.0169002471902059
2007-06,207.234,5.25,5.03,4.87,4.6,101.7893,16.23,0.0269276511397422,0.1600000000000001,0.0,0.0507849179405073,-0.0439714091422185,0.0301840958602197,-0.0585514729956848,0.025882479061948
2007-07,207.603,5.26,4.78,4.56,4.7,101.6672,23.52,0.023178905864958,0.2200000000000006,0.0,-0.0017366355115335,0.0546124176448823,-0.0008034272031109,0.0130031934948575,0.0063455177125215
2007-08,207.667,5.02,4.54,4.15,4.6,101.863,23.38,0.0189744847890087,0.3899999999999997,0.0,0.0712711044288181,-0.0053129187645171,0.0373633442462597,-0.0169214910918855,0.0019043650582595
2007-09,208.547,4.94,4.59,3.97,4.7,102.0894,18.0,0.0283382642998026,0.6199999999999997,0.0,0.0511393909316413,0.0132130890857993,0.0097232895247543,-0.0282945558432246,0.0367513824884269
2007-10,209.19,4.76,4.48,3.94,4.7,101.8015,18.53,0.0361069836552747,0.5400000000000005,0.0,0.0221976359420663,-0.0559760128506189,-0.0033793775370959,-0.0422038813637584,-0.0366189861972401
2007-11,210.834,4.49,3.97,3.04,4.7,102.3446,22.87,0.0437326732673266,0.9300000000000002,0.0,0.0829573870818602,-0.0530124832291039,0.096513603708318,-0.050293500776112,0.0317124980282317
2007-12,211.445,4.24,4.04,3.05,5.0,102.3803,22.5,0.0410881339241753,0.9900000000000002,0.0,0.1638908152527064,0.0640459466244273,-0.0651409138748968,0.071909762488861,-0.068411857489956
2008-01,212.174,3.94,3.67,2.17,5.0,102.2448,26.2,0.0429469565516598,1.5,0.0,0.0781404036505739,-0.0059709780477926,0.1185154783188138,-0.087746531560396,-0.0214683660577573
2008-02,212.687,2.98,3.53,1.65,4.9,101.8438,26.54,0.0414295927061196,1.88,0.0,-0.046167189300974,0.0705651064998592,-0.0123428638524749,-0.0233416434026125,0.0251106711007745
2008-03,213.448,2.61,3.45,1.62,5.1,101.5336,25.61,0.0397490355013443,1.83,0.0,-0.0944375663136646,0.0191090777668532,0.0541640724869527,0.0257429848969816,0.0099388166082077
2008-04,213.942,2.28,3.77,2.29,5.0,100.8785,20.79,0.0390376097598881,1.48,0.0,-0.0058836595863738,-0.0172253070984103,0.0368718320967758,-0.084638625823695,0.0500100996888541
2008-05,215.208,1.98,4.06,2.66,5.4,100.2674,17.83,0.0408841382312399,1.3999999999999997,0.0,0.1333053615010115,-0.0297860593892402,0.1169738998395519,-0.0936082320082126,-0.0081158964362135
2008-06,217.463,2.0,3.99,2.63,5.6,100.0335,23.95,0.0493596610594786,1.3600000000000003,0.0,-0.010413088409052,0.0489408655456957,-0.1528822065556095,0.0811102846665345,-0.0176306911792171
2008-07,219.016,2.01,3.99,2.52,5.8,99.676,22.94,0.0549751207834183,1.4700000000000002,0.0,-0.1083712384808236,0.008284325862383,-0.0120938738961746,-0.0251622606019432,0.0024428553333706
2008-08,218.69,2.0,3.83,2.36,6.1,98.1111,20.65,0.0530801716209123,1.4700000000000002,0.0,0.1405073795606728,0.0852788634712589,-0.0526565025928641,0.0279577732344655,-0.0280863543272074
2008-09,218.877,1.81,3.85,2.0,6.1,93.7895,39.39,0.0495331987513607,1.85,0.0,-0.0010416381158501,-0.1480022333439524,-0.0250203847781749,-0.0513658961076809,0.0020234833618687
2008-10,216.995,0.97,4.01,1.56,6.5,94.7219,59.89,0.0373105788995651,2.4499999999999997,0.0,0.1953424723021087,-0.1575679286416222,0.0478168582188265,-0.1151974326640099,-0.0144775957434348
2008-11,213.153,0.39,2.93,1.0,6.8,93.4715,55.84,0.0109991747061668,1.93,0.0,0.07566050344384,0.1345573388915368,-0.0515858256836989,-0.0127230756247082,0.0088267139974398
2008-12,211.398,0.16,2.25,0.76,7.3,90.8357,40.0,-0.0002222800255385,1.49,0.0,0.1300260182755135,-0.0782272614047059,0.0619650026607829,-0.1762988069152202,0.0323882629001079
2009-01,211.933,0.15,2.87,0.94,7.8,88.57,44.84,-0.0011358601902212,1.93,0.0,0.121905077195534,-0.0978068481957243,-0.015952581500426,-0.0700401585873848,0.0693017985817814
2009-02,212.705,0.22,3.02,1.0,8.3,88.031,46.35,8.463140671510772e-05,2.02,0.0,-0.1009821643794423,-0.0592877100229976,-0.043276030223518,0.0835976938833158,0.0306197999016937
2009-03,212.495,0.18,2.71,0.81,8.7,86.6528,44.14,-0.0044647876766238,1.9,0.0,-0.1405549708751537,0.2254544770701256,-0.0234816679769414,0.1229362674125422,0.0027070402346496
2009-04,212.709,0.15,3.16,0.91,9.0,85.9344,36.5,-0.005763244243767,2.25,0.0,0.0438725019919938,-0.032295094832579,0.0704239784709894,0.0813413178198494,-0.0352655205241585
2009-05,213.022,0.18,3.47,0.92,9.4,85.0665,28.92,-0.0101576149585517,2.5500000000000003,0.0,-0.0459146974822363,-0.0413363679736751,-0.0639718468427211,-0.0166264870044151,0.0379961139166419
2009-06,214.79,0.21,3.53,1.11,9.5,84.7459,26.35,-0.0122917461821091,2.42,0.0,-0.0568766651377359,0.045215025297393,-0.0218059181674605,0.0136420713348734,0.0060430127054147
2009-07,214.726,0.16,3.52,1.13,9.5,85.7027,25.92,-0.0195876100376227,2.39,0.0,-0.0364037704008304,0.106292367708896,-0.0260742145391277,0.0929604161103452,-0.0206958145684321
2009-08,215.445,0.16,3.4,0.97,9.6,86.6426,26.01,-0.0148383556632676,2.4299999999999997,0.0,0.0278023839913525,0.0249639086275046,0.0231930409257301,-0.014222108789865,0.0119089009552613
2009-09,215.861,0.15,3.31,0.95,9.8,87.4063,25.61,-0.0137794286288647,2.3600000000000003,0.0,0.0517815735897324,-0.0206522704474787,0.0437717889694533,-0.0421033185707986,0.0057580059329458
2009-10,216.509,0.12,3.41,0.9,10.0,87.6419,30.69,-0.0022396829420033,2.51,0.0,0.0662586891541163,0.0040500878137592,-0.0331901006486423,-0.018189958277571,-0.0062935995036517
2009-11,217.234,0.12,3.21,0.67,9.9,88.0221,24.51,0.0191458717447092,2.54,0.0,-0.0856779561189841,0.0465459569153787,-0.0102999243098997,-0.0313792034913413,0.0406091958493164
2009-12,217.347,0.12,3.85,1.14,9.9,88.3793,21.68,0.0281412312320836,2.71,0.0,0.0185741409301237,-0.0118638006928762,-0.0076699378155431,0.0195318994367069,-0.0514771058719172
2010-01,217.488,0.11,3.63,0.82,9.8,89.3426,24.62,0.0262111138897671,2.81,0.0,0.0015531134543471,0.0246356473744362,-0.0011027376711845,0.0040655245655354,0.0036332892334236
2010-02,217.281,0.13,3.61,0.81,9.8,89.6779,19.5,0.0215133635786652,2.8,0.0,-0.0609150404283979,0.0371309366130745,-0.0319476960295277,0.0299837969199905,0.0084782652586683
2010-03,217.353,0.16,3.84,1.02,9.9,90.2928,17.59,0.0228617143932798,2.82,0.0,0.0391827068104959,0.0598919083567257,0.0255462059242093,-0.0041760706729792,-0.0038735039304109
2010-04,217.403,0.2,3.69,0.97,9.9,90.5991,22.05,0.0220677075253044,2.72,0.0,0.1099677799364517,0.0261092068135756,-0.0350509976706041,-0.0121294807381192,0.0046364471942662
2010-05,217.29,0.2,3.31,0.76,9.6,91.823,32.07,0.0200354892921856,2.55,0.0,0.0797840395929037,-0.0047674515304165,-0.0072937392699313,-0.0030334663738131,-0.0010706067212558
2010-06,217.199,0.18,2.97,0.61,9.4,91.9928,34.54,0.0112156059406862,2.3600000000000003,0.0,-0.1242544165211533,0.0329095660885736,0.0152938156707678,-0.0059744293197199,0.0049276690191457
2010-07,217.605,0.18,2.94,0.55,9.4,92.3421,23.5,0.013407784804821,2.3899999999999997,0.0,0.1020419799179492,0.0322233285374639,-0.0040534774138076,-0.0331968757015244,-0.0111321031502653
2010-08,217.923,0.19,2.47,0.47,9.5,92.6805,26.05,0.0115017753951125,2.0,0.0,-0.0359975290595739,-0.0483652422303579,0.0111688279616457,-0.0254932414177919,0.0288614699251936
2010-09,218.275,0.19,2.53,0.42,9.5,92.9537,23.7,0.0111831224723317,2.11,0.0,-0.0069371649246228,0.0130946947872963,0.0178235482769639,-0.0268464151102414,0.0178392157418403
2010-10,219.035,0.19,2.63,0.34,9.4,92.6903,21.2,0.0116669514893146,2.29,0.0,0.0211129780941676,-0.0185148708996752,0.058575260086259,-0.0068683391532952,-0.0164272900471962
2010-11,219.59,0.19,2.81,0.45,9.8,92.7709,23.54,0.0108454477660033,2.36,0.0,-0.0369023020706278,-0.0270908564001484,0.027071901292738,0.0417720967410215,-0.00949597800455
2010-12,220.472,0.18,3.3,0.61,9.3,93.6787,17.75,0.0143779302221793,2.69,0.0,-0.0924795471374689,0.0151351904427061,0.0478805631604279,0.003259301707758,0.0067865235892654
2011-01,221.187,0.17,3.42,0.58,9.1,93.4814,19.53,0.0170078349150297,2.84,0.0,0.0252454851995405,0.0123150030460859,0.0389467885716168,-0.0072986313054459,-0.0128061971702859
2011-02,221.898,0.16,3.42,0.69,9.0,93.1102,18.35,0.0212489817333314,2.73,0.0,0.0201876139122898,-0.0190147724800492,0.019612634681134,-0.023093311779703,-0.0146189662234632
2011-03,223.046,0.14,3.47,0.8,9.0,94.0788,17.74,0.026192415103541,2.67,0.0,0.0560150541714343,0.03173573269231,-0.0208805462257815,-0.0314260638714603,-0.0038706545544575
2011-04,224.093,0.1,3.32,0.61,9.1,93.7749,14.75,0.0307723444478686,2.71,0.0,-0.0067022250336445,0.0249619093943235,-0.0306596191143949,-0.0217525701988402,0.0007436154794711
2011-05,224.806,0.09,3.05,0.45,9.0,93.888,15.45,0.034589718808965,2.5999999999999996,0.0,-0.0026056423083252,-0.0194419004935727,-0.00110494496793,-0.0092147796493283,-0.0070032336472835
2011-06,224.806,0.09,3.18,0.45,9.1,94.172,16.52,0.0350231815063604,2.73,0.0,0.099324009930091,0.0394388900959276,0.0334862020329845,-0.0172218991259233,0.0234478844220532
2011-07,225.395,0.07,2.82,0.36,9.0,94.636,25.25,0.0357988097699961,2.46,0.0,0.1777253239042728,-0.0012162726652924,-0.0471826407973788,-0.0409699577636929,0.0018956465771409
2011-08,226.106,0.1,2.23,0.2,9.0,95.2749,31.62,0.0375499603070808,2.03,0.0,-0.0364130102568281,-0.0427830276595111,-0.0733713636032243,-0.043128808888411,0.039840951287976
2011-09,226.597,0.08,1.92,0.25,9.0,95.1961,42.96,0.0381262169281868,1.67,0.0,-0.0561736907915857,0.0391257337987236,0.081213119196527,0.0326542919027768,-0.0085739046928903
2011-10,226.75,0.07,2.17,0.25,8.8,95.8568,29.96,0.0352226813066405,1.92,0.0,0.0207366212459871,-0.0339480140398192,0.0207042909825925,-0.0470474188129897,-0.0109301435401042
2011-11,227.169,0.08,2.08,0.25,8.6,95.8485,27.8,0.0345143221458172,1.83,0.0,-0.1107048496309708,0.0329304452540051,-0.0286324577577665,0.0107518859079025,-0.0107158415514365
2011-12,227.223,0.07,1.89,0.25,8.5,96.3571,23.4,0.0306206683841938,1.64,0.0,0.060944053392139,0.0225716579560752,-0.026116657363685,0.0354552495412177,0.0137185914520441
2012-01,227.842,0.08,1.83,0.22,8.3,96.9318,19.44,0.030087663379855,1.61,0.0,-0.0730554787155604,-0.0549128258026828,0.0158673883763451,0.0063809971227222,0.0276263759625745
2012-02,228.329,0.1,1.98,0.3,8.3,97.2435,18.43,0.0289817844234738,1.68,0.0,-0.0408681431613908,0.0159538279053061,-0.0694598378141142,0.0428010501985118,0.0141367127096163
2012-03,228.807,0.13,2.23,0.33,8.2,96.74,15.5,0.0258287528133209,1.9,0.0,0.0008422305554975,0.0391834716520587,-0.0009505629313739,-0.0179775045290595,-0.0057755512637513
2012-04,229.187,0.14,1.95,0.27,8.2,97.4359,17.15,0.0227316337413485,1.68,0.0,-0.0033248250828772,0.0149969327670997,-0.0467662776611115,-0.031972833828505,-0.0033248454146183
2012-05,228.713,0.16,1.59,0.27,8.2,97.6609,24.06,0.0173794293746607,1.32,0.0,-0.0116714392567389,0.011327656585659,0.0078443184428436,0.0097507349299805,-0.0065740781352301
2012-06,228.524,0.16,1.67,0.33,8.2,97.6663,17.08,0.0165387044829763,1.34,0.0,-0.00869509801941,0.0113567033651944,0.0374166880825634,-0.0108910513837412,0.0053299553006986
2012-07,228.59,0.16,1.51,0.23,8.2,97.8713,18.93,0.0141751147984647,1.28,0.0,0.0243431319208855,-0.0252031301912684,0.001938893862881,0.009053692947152,0.0169841662831031
2012-08,229.918,0.13,1.57,0.22,8.1,97.4525,17.47,0.0168593491548212,1.35,0.0,0.026799346347561,-0.0462812574568241,0.0066562840087098,0.0084578699554409,-0.0087550453971219
2012-09,231.015,0.14,1.65,0.23,7.8,97.381,15.73,0.0194971689828196,1.42,0.0,-0.016479855312852,0.0117571837639142,-0.0029475310923949,0.0370794773263116,-0.0467485745029707
2012-10,231.638,0.16,1.72,0.3,7.8,97.7193,18.6,0.0215567805953693,1.42,0.0,-0.0103354760608508,-0.0083008996140542,-0.0178927149334459,-0.0144647451565947,0.0033457861297634
2012-11,231.249,0.16,1.62,0.25,7.7,98.0777,15.87,0.0179601970339262,1.37,0.0,-0.0260986749641081,0.0229339487095723,0.0032372804444258,0.0381454514057715,-0.0114409829824387
2012-12,231.221,0.16,1.78,0.25,7.9,98.3101,18.02,0.0175950497968955,1.53,0.0,-0.0637071694949199,-0.0086418651663913,0.0299028799433855,0.0084017608484678,-0.0337192198321742
2013-01,231.679,0.14,2.02,0.27,8.0,98.3342,14.28,0.0168406176209829,1.75,0.0,-0.0636270949335359,-0.0005991271404957,-0.0083631369408712,-0.000675896265063,-0.004935456145473
2013-02,232.937,0.15,1.89,0.25,7.7,98.7941,15.51,0.0201814049025748,1.64,0.0,-0.0238979275397248,-0.0125327355717621,-0.0125230225661232,0.0018724301630437,-0.0117750039197248
2013-03,232.282,0.14,1.87,0.25,7.5,99.1921,12.7,0.0151874724112461,1.62,0.0,-0.0993686664322864,0.0518397247210593,-0.0324358649786775,0.00662515042592,-0.0020763425548118
2013-04,231.797,0.15,1.7,0.22,7.6,99.1065,13.52,0.0113880804757686,1.48,0.0,-0.0855978614395365,-0.0833868612118774,0.0048810128514442,0.0373527189054911,0.0043121844109075
2013-05,231.893,0.11,2.16,0.3,7.5,99.1839,16.3,0.013903888279197,1.86,0.0,-0.0920510141879387,-0.0105667160687024,-0.0087917927394646,-0.0011198814752247,-0.0152592808322962
2013-06,232.445,0.09,2.52,0.36,7.5,99.3897,16.86,0.0171579352715687,2.16,0.0,0.0170598750321282,-0.0385690882840275,0.000421889238962,0.0004754136422073,-0.0147362132658959
2013-07,232.9,0.09,2.6,0.31,7.3,99.0814,13.45,0.018854718054158,2.29,0.0,0.0820398441478138,-0.0398087102013868,0.019679058975631,-0.0212518719836836,0.0195921659836674
2013-08,233.456,0.08,2.78,0.39,7.2,99.6543,17.01,0.0153880948860027,2.3899999999999997,0.0,-0.0744806771232634,-0.0012157700226373,-0.0102145274465033,-0.0024654670194246,-0.0062599346647089
2013-09,233.544,0.08,2.64,0.33,7.2,100.161,16.6,0.0109473410817479,2.31,0.0,-0.054839420955869,0.0033736569080655,-0.0046000264492183,-0.014183127646979,0.0039262551154697
2013-10,233.669,0.09,2.57,0.31,7.2,100.082,13.75,0.0087679914349114,2.26,0.0,-0.0847494445034205,-0.0821471634142624,-0.0290589990353253,0.0146019935271481,0.0012692827794997
2013-11,234.1,0.08,2.75,0.28,6.9,100.3158,13.7,0.0123287019619544,2.47,0.0,-0.0583319040394225,-0.0347379665434732,0.003560956264883,-0.002696171300855,0.0098807670114555
2013-12,234.719,0.09,3.04,0.38,6.7,100.5175,13.72,0.0151283836675732,2.66,0.0,0.0641992855448573,0.0890215735227534,-0.023561161116386,-0.0020555481926134,0.0090721325834535
2014-01,235.288,0.07,2.67,0.34,6.6,100.1599,18.41,0.0155775879557491,2.33,0.0,0.0171872271379267,0.00513813723725,0.0056955987181612,-0.0151267141148585,-0.0015755478712182
2014-02,235.547,0.07,2.66,0.33,6.7,100.9168,14.0,0.0112047463477249,2.33,0.0,-0.0352864755213806,-0.0054201112572266,0.0122215996947772,0.0256283805731567,-0.0038650521556937
2014-03,236.028,0.08,2.73,0.44,6.7,101.8942,13.88,0.016126949139408,2.29,0.0,-0.0064608145112234,0.0282048372143448,0.0463294114612411,-0.024762937054216,-0.0043307383990278
2014-04,236.468,0.09,2.67,0.42,6.2,101.9928,13.41,0.0201512530360616,2.25,0.0,-0.0537169283276297,0.0007858717070443,-0.0064577965915513,-0.008179438372325,0.0143796334160635
2014-05,236.918,0.09,2.48,0.37,6.3,102.3836,11.4,0.0216694768707981,2.11,0.0,0.0474127878420422,-0.0137694551882021,0.0344796375663789,0.0044110959292447,-0.0017639950360575
2014-06,237.231,0.1,2.53,0.47,6.1,102.735,11.57,0.0205898169459441,2.0599999999999996,0.0,-0.0276065130286694,0.0188344064943575,-0.0214733360659982,-0.0019008141279085,0.0303479452626145
2014-07,237.498,0.09,2.58,0.53,6.2,102.9632,16.95,0.0197423787033059,2.05,0.0,-0.0356541984079701,-0.0090226350641016,-0.0176273001678559,0.0029282031337742,-0.0066429993641052
2014-08,237.46,0.09,2.35,0.48,6.1,102.7688,11.98,0.017150983482969,1.87,0.0,-0.0433787785937855,-0.0506751892351921,-0.063851281071146,0.0102508623170589,0.0089507729428415
2014-09,237.477,0.09,2.52,0.58,5.9,103.0641,16.31,0.016840509711232,1.94,0.0,-0.0588837269323305,0.0812574978199722,-0.0586844004593697,0.0048337621516905,-0.0079218672216905
2014-10,237.43,0.09,2.35,0.5,5.7,103.0764,14.03,0.0160954170215132,1.85,0.0,-0.0323535875581848,-0.0074691818760004,-0.1144082118437118,-0.0039820654186437,0.0206286225242893
2014-11,236.983,0.09,2.18,0.47,5.8,103.7126,13.33,0.0123152498932079,1.7100000000000002,0.0,0.0211234571287065,0.0133484989388324,-0.0002571012516607,0.0215359672313409,-0.0188183252128284
2014-12,236.252,0.12,2.17,0.67,5.6,103.7044,19.2,0.0065312139196231,1.5,0.0,0.1111730189247467,0.1073562084768801,-0.0154012042518882,-0.0405236093306363,-0.0057733378440761
2015-01,234.747,0.11,1.68,0.47,5.7,102.8905,20.97,-0.0022993097820542,1.21,0.0,-0.1152567615111712,-0.0929466516089295,-0.0102750029237479,0.002031088998218,0.0237453417425193
2015-02,235.342,0.11,2.0,0.63,5.5,102.2335,13.34,-0.000870314629352,1.37,0.0,-0.0014423875628177,0.0313548866272683,0.0018562730567895,0.0102231046213835,-0.0182122005129466
2015-03,235.976,0.11,1.94,0.56,5.4,101.8914,15.29,-0.0002203128442387,1.38,0.0,-0.0160134322345758,-0.0671896858567883,0.0586386760547079,-0.0097766069284377,0.0173736336103862
2015-04,236.222,0.12,2.05,0.58,5.4,101.3355,14.55,-0.0010403098939391,1.4699999999999998,0.0,-0.0073041714617008,-0.0158797210106432,-0.0647434202909913,0.0066222063321543,0.005696749367275
2015-05,237.001,0.12,2.12,0.61,5.6,100.8883,13.84,0.0003503321824429,1.5100000000000002,0.0,0.0098926137116274,-0.0311748243534289,-0.0161494729900345,0.0161112792399148,-0.0203682550271687
2015-06,237.657,0.13,2.35,0.64,5.3,100.571,18.23,0.0017957180975505,1.71,0.0,-0.0937732573285777,0.0408374463586767,-0.0983338237221896,0.0110018308290593,0.0055665144600787
2015-07,238.034,0.13,2.2,0.67,5.2,101.2228,12.12,0.0022568611104094,1.5300000000000002,0.0,0.0980221414589952,-0.0019616442533719,0.0184304316671913,-0.0096568234601964,0.0057593626063168
2015-08,238.033,0.14,2.21,0.74,5.1,101.0367,28.43,0.0024130379853448,1.47,0.0,0.0125449369795916,0.0509534672854525,-0.048172924947843,-0.0023078851371128,0.0124106034632207
2015-09,237.498,0.14,2.06,0.64,5.0,100.7547,24.5,8.842961634170088e-05,1.42,0.0,-0.0678672839036051,-0.0225437636364247,0.0290994610396486,-0.0228384201260651,0.0193447126997414
2015-10,237.733,0.12,2.16,0.75,5.0,100.2675,15.07,0.001276165606705,1.41,0.0,-0.0711754521312115,-0.0099133078175661,-0.0038012704421545,0.0162785682256534,0.0034469478457979
2015-11,238.017,0.12,2.21,0.94,5.1,99.5298,16.13,0.0043631821691851,1.27,0.0,0.0185827893230899,0.027378684267269,-0.0901061087989366,-0.0066269284252755,-0.0026087233720308
2015-12,237.761,0.24,2.27,1.06,5.0,99.0417,18.21,0.0063872475153647,1.21,0.0,0.0982418053345614,0.0232533851529853,0.0178925113949302,-0.0387012059176565,0.0118446062697333
2016-01,237.652,0.34,1.94,0.76,4.8,99.5607,20.2,0.0123750250269438,1.18,0.0,0.1101288780005009,-0.0028115748572382,-0.027176571955785,-0.0281798625433353,-0.0057211785311783
2016-02,237.336,0.38,1.74,0.78,4.9,99.0445,20.55,0.0084727757901266,0.96,0.0,-0.0702182344363179,0.0306364826656369,0.0320601820731267,0.0050666778982189,0.0209536519803279
2016-03,238.08,0.36,1.78,0.73,5.0,98.3096,13.95,0.0089161609655219,1.05,0.0,0.04196901224866,-0.0216965968188871,0.0893122381689908,0.0314796685825442,-0.0545882371345264
2016-04,238.992,0.37,1.83,0.77,5.1,98.6421,15.7,0.0117262575035348,1.06,0.0,-0.0783947238899743,0.0054737980073578,-0.02634477639215,0.0018638657576373,0.0318841167891028
2016-05,239.557,0.37,1.84,0.87,4.8,98.4184,14.19,0.0107847646212462,0.97,0.0,0.0914105720902185,0.0614736895751777,0.0222027015989789,-0.0357582006889536,-0.0168406371385414
2016-06,240.222,0.38,1.49,0.58,4.9,98.8833,15.63,0.0107928653479594,0.91,0.0,-0.0220146114015395,0.0101409935594143,-0.0479621262698268,-0.001770968402768,0.0343701824742597
2016-07,240.101,0.39,1.46,0.67,4.8,98.9992,11.87,0.0086836334305182,0.7899999999999999,0.0,-0.0337605289366241,-0.0388394091784383,0.0155734510398599,0.0372804673353388,0.0104281851180312
2016-08,240.545,0.4,1.58,0.8,4.9,98.85,13.42,0.0105531585956568,0.78,0.0,0.0118600767401108,-0.0200966624612012,0.0356202532528789,-0.0276747650082768,0.0217799935630823
2016-09,241.176,0.4,1.6,0.77,5.0,98.7457,13.29,0.0154864462016521,0.8300000000000001,0.0,-0.0170759991010771,-0.0385242449110487,-0.0099356327018281,0.0400604816818214,0.0089437620902536
2016-10,241.741,0.4,1.84,0.86,4.9,98.7611,17.06,0.0168592496624364,0.98,0.0,-0.1204038455378611,-0.05359419828625,0.0478308749079396,0.1034869569944327,-0.0351510292439141
2016-11,242.026,0.41,2.37,1.11,4.7,98.3491,13.33,0.0168433347197889,1.26,0.0,-0.0334434197968489,0.0123261896242512,-0.0023359831560676,0.0185804652915047,0.0038116397442511
2016-12,242.637,0.54,2.45,1.2,4.7,99.0214,14.04,0.0205079891151198,1.2500000000000002,0.0,0.0302979633829822,-0.0048814231674609,-0.05090671724631,-0.0167606207421235,0.0162427161807876
2017-01,243.618,0.65,2.45,1.19,4.7,98.7611,11.99,0.0251039334825711,1.2600000000000002,0.0,-0.0074438410779726,-0.0042060215451749,-0.0601423116073197,0.0134754457683352,0.0060359741572857
2017-02,244.006,0.66,2.36,1.22,4.6,98.3646,12.92,0.0281036168132942,1.14,0.0,-0.0011906468135784,-0.0282293333394789,-0.0176471649835616,-0.0299206464029904,0.0214246829500451
2017-03,243.892,0.79,2.4,1.27,4.4,99.0137,12.37,0.0244119623655914,1.13,0.0,0.0029479077878007,-0.0045721065670625,-0.0379684487626693,-0.0192137055241974,0.009680621001326
2017-04,244.193,0.9,2.29,1.28,4.4,100.0224,10.82,0.0217622347191539,1.01,0.0,-0.0153548415397549,-0.021359752850935,-0.0494901390888019,-0.0260127875121514,0.0254238676577931
2017-05,244.004,0.91,2.21,1.28,4.4,100.1408,10.41,0.0185634316676197,0.93,0.0,-0.0230464152124215,0.0111625052519577,-0.0094374663337443,0.059584164404616,-0.0335095957279693
2017-06,244.163,1.04,2.31,1.38,4.3,100.3471,11.18,0.0164056580995912,0.9300000000000002,0.0,-0.0023993374602506,-0.0034856808703276,0.0077198676198684,-0.0046165684796226,0.0232686520002607
2017-07,244.243,1.15,2.3,1.34,4.3,100.1068,10.26,0.017251073506566,0.9599999999999996,0.0,0.0390697578982257,-0.0055291109799523,-0.0577064192706491,-0.0184620041916871,0.0262983790641833
2017-08,245.183,1.16,2.12,1.33,4.4,99.6925,10.59,0.0192812155729698,0.79,0.0,-0.048810723059511,-0.0264157173794695,0.0723904544519726,0.0318520469884637,-0.0105224285904921
2017-09,246.435,1.15,2.33,1.47,4.3,99.7954,9.51,0.0218056523037117,0.8600000000000001,0.0,-0.0361284946899373,-0.0291852222932931,-0.0239082131377941,0.0042615515850625,0.0403055748117111
2017-10,246.626,1.15,2.38,1.6,4.2,101.0247,10.18,0.0202075775313248,0.7799999999999998,0.0,-0.0270022680355384,-0.0039237552683399,-0.0130423256920979,0.0040208233566165,-0.0164277043499325
2017-11,247.284,1.16,2.42,1.78,4.2,101.2664,11.28,0.0217249386429556,0.6399999999999999,0.0,0.0140760401807649,-0.0236888529013826,0.038749833944486,0.0071904911654592,-0.0052576957642858
2017-12,247.805,1.3,2.4,1.89,4.1,101.4644,11.04,0.0212993071955225,0.51,0.0,-0.0294093355823037,-0.0894652665223916,-0.0190183671265788,0.00875780952808,0.0125998530276083
2018-01,248.859,1.41,2.72,2.14,4.0,101.4625,13.54,0.0215131886806394,0.5800000000000001,0.0,0.0156007713503414,-0.0404171142424757,-0.0719895985145229,0.0071071422575421,0.0322699280658765
2018-02,249.529,1.42,2.87,2.25,4.1,101.7085,19.85,0.0226346893109186,0.6200000000000001,0.0,0.0376102490277925,0.060192416404009,0.0413292998867098,-0.0137389268677213,-0.009050177827743
2018-03,249.577,1.51,2.74,2.27,4.0,102.2067,19.97,0.0233094976464993,0.4700000000000002,0.0,-0.0187338872181466,0.0088250214238505,0.0935428131094358,-0.0099227224539948,-0.0054522943046206
2018-04,250.227,1.69,2.95,2.49,4.0,103.3329,15.93,0.0247099630210529,0.4599999999999999,0.0,-0.0362680736306562,0.0124895374482585,0.0056330828937964,-0.0341449331567785,0.0435186840036412
2018-05,250.792,1.7,2.83,2.4,3.8,102.4024,15.43,0.0278192160784249,0.4300000000000001,0.0,-0.037404418577846,0.0311954175128095,-0.0023073781951966,-0.0229621581877589,-0.0074063801752555
2018-06,251.018,1.82,2.85,2.52,4.0,103.198,16.09,0.0280755069359401,0.33,0.0,-0.0641221764608031,-0.0263608450357559,-0.0193046985783418,0.0139972951779188,-0.0172151875402231
2018-07,251.214,1.91,2.96,2.67,3.8,103.3646,12.83,0.0285412478556192,0.29,0.0,-0.0533011330055032,-0.0061692326735662,-0.0666713088103631,-0.0183242768003399,0.0340697925430197
2018-08,251.663,1.91,2.86,2.62,3.8,104.0327,12.86,0.0264292385687425,0.2399999999999997,0.0,-0.0080195720516739,-0.0415077549762351,0.0160515271923282,-0.0278858331349678,-0.0049830618254136
2018-09,252.182,1.95,3.05,2.81,3.7,104.1004,12.12,0.0233205510580882,0.2399999999999997,0.0,0.086085702192978,0.049242670386711,-0.0422947368852337,0.021981872533201,-0.0120386655571415
2018-10,252.772,2.19,3.15,2.87,3.8,103.9856,21.23,0.0249203247021805,0.2799999999999998,0.0,-0.0151625595191857,0.0281819599068675,-0.0341838649550295,0.0077061579492216,-0.0381739714123651
2018-11,252.594,2.2,3.01,2.8,3.8,104.0681,18.07,0.0214732857766777,0.2099999999999999,0.0,0.1427633743219055,0.0029550686341235,-0.0391633591797566,-0.0234530411679124,0.0056187031775736
2018-12,252.767,2.27,2.69,2.48,3.9,104.0936,25.42,0.020023809043401,0.2099999999999999,0.0,-0.0575068368814997,0.0455393179371506,0.0361485388638622,0.0094180255503626,-0.0123543165927533
2019-01,252.561,2.4,2.63,2.45,4.0,103.4021,16.57,0.0148758935782913,0.1799999999999997,0.0,-0.038508025093513,-0.0254620599136463,-0.0093676585485551,-0.0100563284898103,0.0366853126348376
2019-02,253.319,2.4,2.73,2.52,3.8,102.8371,14.78,0.0151886153513218,0.2099999999999999,0.0,-0.0296049500187214,0.0211298353878102,-0.0003026646885604,-0.044179276093839,0.0306766615571121
2019-03,254.277,2.41,2.41,2.27,3.8,102.8757,13.71,0.0188318635130639,0.1400000000000001,0.0,-0.052075677843718,-0.0399091157169007,-0.0377462771872529,0.0499753298227092,0.0216481511070445
2019-04,255.233,2.42,2.51,2.27,3.7,102.274,13.12,0.0200058347020906,0.2399999999999997,0.0,0.081345369445922,0.0651538109210692,-0.047255991674733,-0.0079634792307843,-0.0228759281141949
2019-05,255.296,2.39,2.14,1.95,3.6,102.392,18.71,0.0179591055536061,0.1900000000000001,0.0,0.0156197300474429,-0.058539851516586,0.0196470914732591,-0.0032790231102266,0.021137914313295
2019-06,255.213,2.38,2.0,1.75,3.6,102.4375,15.08,0.0167119489439004,0.25,0.0,-0.0199813369614245,0.0067728194304024,-0.0269264136262,0.0087092901524139,0.0185823029475593
2019-07,255.802,2.4,2.02,1.89,3.7,101.9408,16.12,0.0182633133503706,0.1300000000000001,0.0,0.095866180232378,0.0542049691738278,-0.066510509514027,-0.0303363656387937,0.0013909486191545
2019-08,256.036,2.13,1.5,1.5,3.6,102.639,18.98,0.0173764121066664,0.0,0.0,-0.0487193821992514,-0.0036023129276832,0.0151518894893774,0.0253473324601416,-0.0021977520823799
2019-09,256.43,2.04,1.68,1.63,3.5,102.2917,16.24,0.0168449770403915,0.05,0.0,-0.0011894808457437,-0.0074624242808023,-0.0388167271270872,0.0034005675460575,0.015403764247726
2019-10,257.155,1.83,1.69,1.52,3.6,101.4281,13.22,0.0173397369961862,0.1699999999999999,0.0,-0.0682838325612843,-0.0492416065371889,-0.0201521373693724,0.0143245847834037,0.0174651934478387
2019-11,257.879,1.55,1.78,1.61,3.6,101.9372,12.62,0.0209229039486291,0.1699999999999999,0.0,0.0125380440466849,-0.0270292137678409,-0.0044932713282157,-0.0031251321018492,0.015793053828099
2019-12,258.63,1.55,1.92,1.58,3.6,101.7003,13.78,0.0231952746996244,0.3399999999999998,0.0,0.0404857635872282,0.0186377259231047,-0.0788754306821323,-0.0261962984225524,0.0388078180435802
2020-01,259.127,1.55,1.51,1.33,3.6,101.0338,18.84,0.025997679768452,0.1799999999999999,0.0,0.0728037597542642,0.0089006617143313,-0.0737160659526005,-0.0333179386880845,0.0061559854649626
2020-02,259.25,1.58,1.13,0.86,3.5,101.3735,40.11,0.0234131667975951,0.2699999999999999,0.0,0.127763622720348,-0.0701729153239633,-0.2280861183228169,-0.08701108369365,0.0394591016230017
2020-03,258.076,0.65,0.7,0.23,4.4,97.4078,53.54,0.0149403996429091,0.47,0.0,-0.0610004827287304,-0.035486792137938,0.2032888260458376,-0.0297087672327223,0.0096927815454608
2020-04,256.032,0.05,0.64,0.2,14.8,84.5619,34.15,0.0031304729404111,0.44,0.0,-0.0217632992323535,-0.0303016450760413,-0.0276448055328522,-0.0204399098370893,0.0241195952747179
2020-05,255.802,0.05,0.65,0.16,13.2,85.9604,27.51,0.0019820130358485,0.49,0.0,0.0141014804895518,0.0009305918373923,-0.0367534423272789,-0.0248090126695593,0.0532753884561016
2020-06,257.042,0.08,0.66,0.16,11.0,91.5934,30.43,0.0071665628318304,0.5,0.0,0.04435272685488,-0.016869534832226,-0.0994294613273447,-0.0184661988830199,-0.0037915703995774
2020-07,258.352,0.09,0.55,0.11,10.2,95.0256,24.46,0.0099686476258979,0.44,0.0,-0.0730323800206125,-0.0653737863593768,-0.0803433985528515,-0.0269336883032851,0.0490115001421573
2020-08,259.316,0.1,0.72,0.14,8.4,95.9549,26.41,0.0128106984955238,0.58,0.0,-0.0004328887833953,0.0071525217953187,-0.1186066837148663,0.0017760038710422,-0.014161943610856
2020-09,259.997,0.09,0.69,0.13,7.8,95.9669,26.37,0.0139102289123738,0.5599999999999999,0.0,0.0158362797139086,-0.001467161228584,-0.0042617482055514,0.0177581666466091,-0.026908365886593
2020-10,260.319,0.09,0.88,0.14,6.9,96.7394,38.02,0.0123038634286716,0.74,0.0,-0.1628630931567866,-0.0120280903631213,0.1711674443642641,0.0597058848113984,0.0050604775593119
2020-11,260.911,0.09,0.84,0.16,6.7,97.0816,20.57,0.0117574521384058,0.6799999999999999,0.0,0.0374920132023399,-0.0215750235583971,-0.0016343338892945,0.0247423056935731,0.0203174741213716
2020-12,262.045,0.09,0.93,0.13,6.7,98.363,22.75,0.0132041913157794,0.8,0.0,-0.0262667514753953,0.0224213210559689,0.0573139482396527,-0.0067393275282672,-0.0001025296568529
2021-01,262.639,0.09,1.11,0.11,6.4,98.8822,33.09,0.0135531997823461,1.0,0.0,-0.0903743545420173,0.0064455247453218,0.1967619690591999,0.0882565154754493,-0.0141545554475963
2021-02,263.573,0.08,1.44,0.14,6.2,95.6149,27.95,0.0166750241080038,1.2999999999999998,0.0,-0.0534198009894245,0.0034214159453027,-0.0230875444486744,0.0118665854844977,-0.0257653046913945
2021-03,264.847,0.07,1.74,0.16,6.1,98.3856,19.4,0.0262364574776421,1.58,0.0,-0.020725094153011,0.0285453124785808,-0.0389511084881324,0.0132653025171751,-0.0022595915383845
2021-04,266.625,0.07,1.65,0.16,6.1,98.5587,18.61,0.0413737345331834,1.49,0.0,0.0702177217052557,0.0015083782218676,0.0505306123176054,0.041145165468039,-0.0158720347666189
2021-05,268.404,0.06,1.58,0.14,5.8,99.4333,16.76,0.0492646656398307,1.44,0.0,-0.0905699068676314,2.9512040455870192e-05,0.0127012721164252,-0.0533131359520434,0.0478143676022242
2021-06,270.71,0.08,1.45,0.25,5.9,99.7987,15.83,0.0531741894320771,1.2,0.0,-0.0024667839300751,0.0238753567872218,-0.1015571989664093,-0.0284545616239324,0.0130132103912035
2021-07,271.965,0.1,1.24,0.19,5.4,100.2519,18.24,0.0526916764724096,1.05,0.0,-0.0305253166293216,-0.0082146052733873,-0.0498042820139542,0.021718768296016,0.0058335449270947
2021-08,272.752,0.09,1.3,0.2,5.1,100.0437,16.48,0.0518132317327124,1.1,0.0,0.0174149713438348,-0.0129765269221663,0.1258898732098976,0.0269940170506803,-0.0104025865391756
2021-09,273.942,0.08,1.52,0.28,4.7,98.8579,23.14,0.0536352342527028,1.24,0.0,-0.0587948588531197,0.0043806854234698,0.0430945281220169,0.0037939747454704,0.0100813619143862
2021-10,276.528,0.08,1.55,0.48,4.5,100.1861,16.26,0.0622659122077144,1.07,0.0,0.0011341028986001,-0.0130582696487433,-0.0420783774482517,-0.0490936899615723,0.052546597615948
2021-11,278.824,0.08,1.43,0.52,4.2,100.8654,27.19,0.0686555952029619,0.91,0.0,-0.0095939981792001,0.0442614320387009,-0.0259152211790927,-0.0138705844931465,-0.0120610302548327
2021-12,280.806,0.08,1.52,0.73,3.9,100.5726,17.22,0.0715945734511247,0.79,0.0,0.0326258014014571,-0.0262009919427568,0.2525405901215557,0.0544616570128747,-0.0172659725442041
2022-01,282.542,0.08,1.79,1.18,4.0,100.1856,24.83,0.0757808246300053,0.6100000000000001,0.0,0.0907343667270316,-0.0053096337279903,0.1002088183059702,0.0156920771811992,-0.0192575588157536
2022-02,284.525,0.08,1.83,1.44,3.8,100.8064,30.15,0.0794922089895397,0.3900000000000001,0.0,-0.0216515765601092,0.0224789081353313,0.0486490571637237,-0.0395691053050366,-0.002833016082653
2022-03,287.467,0.2,2.32,2.28,3.7,101.3907,20.56,0.0854078014853858,0.04,0.0,0.064232175908094,0.0493050651894168,0.0774634580509205,-0.0109672320472128,-0.0235949018881814
2022-04,288.582,0.33,2.89,2.7,3.7,101.44,33.4,0.082351617440225,0.1899999999999999,0.0,-0.0348727460091079,-0.0491113972461872,0.1580885804229841,0.0255611679712792,-0.0091162781821839
2022-05,291.299,0.77,2.85,2.53,3.6,101.3335,26.19,0.0853005171308922,0.3200000000000003,0.0,0.0707472451537878,0.0060596322938175,-0.093524422931283,-0.026928586602557,-0.0085025126220463
2022-06,295.072,1.21,2.98,2.92,3.6,101.018,28.71,0.089992981419231,0.06,0.0,-0.1226864467579745,-0.0037261889875055,0.0121229329833174,-0.0192311398484799,0.0406620335507708
2022-07,294.94,1.68,2.67,2.89,3.5,101.223,21.33,0.0844777820675455,-0.2200000000000002,0.0,0.0113687316445983,-0.0193232878445346,0.0673259683347139,0.0212232250781745,-0.0213254343141563
2022-08,295.162,2.33,3.15,3.45,3.6,101.0963,25.87,0.0821625505954126,-0.3000000000000002,0.0,0.0672767621992969,-0.0418910781278568,-0.0091833220563875,0.0147668486563747,-0.0256807682026402
2022-09,296.421,2.56,3.83,4.22,3.5,101.2918,31.62,0.0820575158245175,-0.3899999999999997,0.0,-0.1035615284842222,-0.0394547932687583,0.1775608427058534,0.0394063684800529,-0.0065309926495868
2022-10,297.979,3.08,4.1,4.51,3.6,101.2529,25.88,0.0775726147080946,-0.4100000000000001,0.0,0.0293270499089683,0.0058686729446817,-0.0428138075114454,0.0129777632681427,0.0076755432564956
2022-11,298.708,3.78,3.68,4.38,3.6,100.9552,20.58,0.0713138036897829,-0.6999999999999997,0.0,0.0912423053906453,-0.0016425661067841,0.0215628990201935,0.0038251733162739,-0.0227949644977305
2022-12,298.808,4.1,3.88,4.41,3.5,99.7664,21.67,0.064108316773858,-0.5300000000000002,0.0,-0.0101754772905007,0.0518610527135889,-0.0290551201872995,0.0079411347622206,0.0279438251335775
2023-01,300.456,4.33,3.52,4.21,3.5,100.505,19.4,0.0634029630992916,-0.69,0.0,-0.0285333825770365,-0.033499924182879,-0.0442446762851523,0.0021667781453991,0.0292616074403307
2023-02,301.476,4.57,3.92,4.81,3.6,100.6416,20.7,0.0595764871276689,-0.8899999999999997,0.0,0.0460266804902058,-0.0643990612042829,-0.0434106637082634,-0.1330786607152062,0.0730035607084755
2023-03,301.643,4.65,3.48,4.06,3.5,101.0205,18.7,0.0493134864175712,-0.5799999999999996,0.0,-0.0112290710978186,-0.0066668792833979,0.0186414224614637,0.01699430470195,-0.0188395029601495
2023-04,302.858,4.83,3.44,4.04,3.4,101.253,15.78,0.0494694748806232,-0.6000000000000001,0.0,-0.018036143408873,-0.0442321975180137,-0.1049334903415002,-0.0471244947786532,0.0845568502420655
2023-05,303.316,5.06,3.64,4.4,3.6,100.9286,17.94,0.0412531453935647,-0.7600000000000002,0.0,-0.0830727054002453,-0.0163589923721314,-0.0010599855517741,0.0005388488733581,-0.0025437509620631
2023-06,304.099,5.08,3.81,4.87,3.6,100.1196,13.59,0.0305925333477929,-1.06,0.0,-0.0136828904028587,-0.0047031023138852,0.0506613553066137,0.0161902021456989,-0.0085955433488271
2023-07,304.615,5.12,3.97,4.88,3.5,100.9067,13.63,0.0328032820234625,-0.9099999999999996,0.0,0.0034744541155983,-0.0175270747709942,0.032712764598321,-0.0106372445977852,0.0011691909956678
2023-08,306.138,5.33,4.09,4.85,3.7,100.8393,13.57,0.0371863586776075,-0.7599999999999998,0.0,0.0031768396728837,-0.0307904625390733,0.0673146513629864,0.0155877352376865,-0.0159938430252883
2023-09,307.374,5.33,4.59,5.03,3.8,101.0211,17.52,0.0369508233222344,-0.4400000000000004,0.0,0.0919819413823241,-0.0085798903393825,-0.0323158654289138,-0.0018008404619598,0.0208828941262446
2023-10,307.653,5.33,4.88,5.07,3.9,100.4689,18.14,0.0324653750767671,-0.1900000000000004,0.0,-0.066030122664594,0.029473463478576,-0.0985043207754496,0.0180504957851477,0.0376117531931665
2023-11,308.087,5.33,4.37,4.73,3.7,100.8639,12.92,0.0313985564497769,-0.3600000000000003,0.0,-0.0286118418053977,0.0396879141240629,-0.0501822179211824,0.0059206929410924,-0.0018996942384281
2023-12,308.735,5.33,3.88,4.23,3.8,100.6031,12.45,0.0332220020882976,-0.3500000000000005,0.0,-0.0342735969427163,-0.0589255937620183,-0.0156183478256264,0.0159090717894663,0.0092360977326082
2024-01,309.794,5.33,3.99,4.27,3.7,99.2223,14.35,0.0310794259392388,-0.2799999999999993,0.0,-0.0476232853289451,-0.0323989426622963,-0.0194570225353347,-0.0114230756016877,-0.0051410444064527
2024-02,311.022,5.33,4.25,4.64,3.9,100.285,13.4,0.0316642120765831,-0.3899999999999997,0.0,0.0571800010857459,-0.0186323051692995,0.0665031535957434,0.0146216453644967,-0.0232706275564826
2024-03,312.107,5.33,4.2,4.59,3.9,100.4575,13.01,0.0346900143547175,-0.3899999999999997,0.0,0.067232851975623,-0.0342349005739411,0.0359161945662769,-0.0008397433807648,-0.018723521298075
2024-04,313.016,5.33,4.69,5.04,3.9,100.2434,15.65,0.0335404711118743,-0.3499999999999996,0.0,-0.0343906523654715,-0.004982657844045,-0.054001629169687,-0.0188652127949757,0.0201899673515593
2024-05,313.14,5.33,4.51,4.89,4.0,100.863,12.92,0.0323886639676114,-0.3799999999999999,0.0,-0.0332978884311639,-0.0257037458778037,-0.0539465352612389,-0.0446791073799968,0.0445146346644633
2024-06,313.131,5.33,4.36,4.71,4.1,100.894,12.44,0.0297008539982044,-0.3499999999999996,0.0,0.0382976638686751,0.0774373941083899,0.015437814439422,0.052813161414341,-0.0465201240084011
2024-07,313.566,5.33,4.09,4.29,4.2,99.9757,16.36,0.0293846330614053,-0.2000000000000001,0.0,-0.0024430670999566,0.0288409419637047,-0.0440714167286994,0.0223592217861445,-0.0163729795965186
2024-08,314.131,5.33,3.91,3.91,4.2,100.4309,15.0,0.0261091403223383,0.0,0.0,0.0330060365708579,0.0061898558999942,-0.0560069598053282,-0.0270647466174995,0.006762348978015
2024-09,314.851,5.13,3.81,3.66,4.1,99.8084,16.73,0.0243254146414464,0.1499999999999999,0.0,0.0488772761434322,-0.0195431965821781,0.0232140234917764,0.0351990814684844,-0.0079397794316533
2024-10,315.564,4.83,4.28,4.16,4.1,99.4695,23.16,0.0257140349679672,0.1200000000000001,0.0,-0.090874871040306,-0.0170419603316493,0.0187049378957788,0.0449275835376143,-0.0079325594670218
2024-11,316.449,4.64,4.18,4.13,4.2,99.2925,13.51,0.0271416840048428,0.0499999999999998,0.0,0.0132453208202587,-0.0651681462067508,-0.0759845041063896,-0.0312949774566315,0.0221568317690393
2024-12,317.603,4.48,4.58,4.25,4.1,100.3273,17.35,0.0287236626880658,0.33,0.0,0.037543533015955,-0.0039757534519111,0.0013851709649754,0.0391991533307809,-0.0360402285765724
2025-01,319.086,4.33,4.58,4.22,4.0,100.0647,16.43,0.0299941251283111,0.3600000000000003,0.0,0.030911121273112,0.049690908566277,0.0510336495439617,0.0264894082384462,-0.010181117106589
2025-02,319.775,4.33,4.24,3.99,4.1,101.0993,19.63,0.0281427037315686,0.25,0.0,0.1530171191269314,0.0227685786070228,0.085474278666761,0.0131315156624595,-0.025916402951946
2025-03,319.615,4.33,4.23,3.89,4.2,101.0404,22.28,0.0240558526402803,0.3400000000000003,0.0,0.0599323771785718,-0.0086993627954555,-0.1261702506131909,-0.0118364246034503,0.0243757628611627
2025-04,320.321,4.33,4.17,3.6,4.2,101.2408,24.7,0.0233374651774989,0.5699999999999998,0.0,-0.0634044092697269,-0.0516367871148446,-0.0500498668828615,-0.0177259033253571,0.036883801960081
2025-05,320.58,4.33,4.41,3.89,4.2,101.1357,18.57,0.0237593408698983,0.52,0.0,-0.0442359091436559,-0.0511982059701385,-0.0080566141808731,-0.0206184676965179,0.04837368315624
2025-06,321.5,4.33,4.24,3.72,4.1,101.565,16.73,0.0267268331784462,0.52,0.0,-0.0321903962406642,-0.0153243743888531,0.0106077427947952,-0.0226287702180116,0.0132186316035409
2025-07,322.132,4.33,4.37,3.94,4.2,101.3472,16.72,0.0273180127947545,0.4300000000000001,0.0,0.0293550672823719,0.0142571944409757,0.0159441344958439,0.0104142665262612,-0.0216232493185121
