Date,SPY,GLD,VNQ,XLE,XLF,XLK
2005-02-01,0.0,0.010123901213345832,0.010811176833905867,0.1468723638990761,-0.0275996004730813,-0.01939759296616339
2005-03-01,0.0,0.005823334062809216,-0.006544730031290968,-0.0002146729149964388,-0.02100753657780885,0.0025848157072619893
2005-04-01,0.0,0.027258444172086005,0.08521724077176285,-0.03608653259389727,0.02197563517390866,-0.020394499150961365
2005-05-01,0.0,-0.07144045142095934,0.0029873215772242556,-0.004358189209268337,-0.0026886694266889943,0.037197173173327824
2005-06-01,0.0,0.045488386129651226,0.03705458009854834,0.06896925763017736,0.008999943860980353,-0.010373104537240718
2005-07-01,0.0,-0.0567245820788842,0.04076588328761721,0.03176235997848664,-0.020812830978430785,0.014275077791103818
2005-08-01,0.0,0.0229193805508352,-0.03117280865702632,0.07323942868983302,-0.0069973494910028355,-0.00012694727923734384
2005-09-01,0.0,0.07228458330470011,-0.001929091428551466,0.05608212922382316,-0.0010348895492209298,-0.0013539665853110616
2005-10-01,0.0,0.01307075687677517,0.0019020069751902735,-0.06827247011880566,0.05598554615178275,-0.00347198230025203
2005-11-01,0.0,0.014236785264317042,-0.0023921939762310274,-0.028999758671949927,0.0037127777036278786,0.01922052329768098
2005-12-01,0.0,0.05768576841062234,-0.018824553200045946,0.02251519457548523,0.0009009833266331313,-0.030133235654099755
2006-01-01,0.0,0.06982095321139847,0.0749189531396608,0.11965172950908909,-0.01402387525427451,0.011131545275040233
2006-02-01,0.0,-0.01683648557630746,0.012853927421625277,-0.09799092993641456,0.015557973402385183,-0.0034111367112124036
2006-03-01,0.0,0.0237269635426669,0.02860119168048203,0.026880369177324726,-0.014929461197717764,0.010155076843179511
2006-04-01,0.0,0.10365101092946216,-0.04503552009847134,0.0368214427381357,0.03225444529810795,-0.02975714022732079
2006-05-01,0.0,0.016908576171656087,0.0031431233379703993,0.0022942868933578664,-0.007570089258286727,-0.03486707505661424
2006-06-01,0.0,-0.04490326847073489,0.04033764266725259,0.02340614640021177,-0.008599762244242526,-0.0030918602987732857
2006-07-01,0.0,0.022602495419210777,0.04107635915558161,0.02838583000631334,0.019936979372235042,-0.034987510334594574
2006-08-01,0.0,-0.0355971244961496,0.01302035675810953,-0.07263264545955928,-0.010033013240647648,0.048379433164654095
2006-09-01,0.0,-0.06777694430667736,-0.012403437558557995,-0.062382871231134174,0.011854213045656703,0.015720419214224846
2006-10-01,0.0,-0.02310556996462121,0.03425746274844199,0.010175343212679877,-0.006824452986514906,0.0056054986570446275
2006-11-01,0.0,0.04900639810163887,0.027926995851136116,0.0658862271441798,-0.012829431886939746,0.008536993861039344
2006-12-01,0.0,-0.026082567448999172,-0.045136398224930985,-0.038826128816972894,0.021952108746139176,-0.018811170387852516
2007-01-01,0.0,0.004933370812584492,0.08851600637874402,-0.026944120238267977,-0.003673066185330809,0.005357880704140339
2007-02-01,0.0,0.045068390651023194,-0.007364863289626156,-0.0008688864246259032,-0.010857635187661141,-0.007352694197913623
2007-03-01,0.0,-0.018723997773224643,-0.0339729201182698,0.051809758429449904,-0.01649387356347143,0.002368206753305513
2007-04-01,0.0,-0.027901795477619507,-0.043921549697510054,0.006272285705575031,-0.0053325182616463795,-0.0012674260372640411
2007-05-01,0.0,-0.05702353968607843,-0.03770532274113769,0.04387639013506539,-0.009872744352515284,0.016448239271589005
2007-06-01,0.0,-0.0005278762147129523,-0.0824805806421498,0.028952184450937057,-0.02653316713435927,0.016900247190205997
2007-07-01,0.0,0.050784917940507324,-0.04397140914221853,0.03018409586021975,-0.05855147299568486,0.02588247906194807
2007-08-01,0.0,-0.0017366355115335796,0.05461241764488234,-0.0008034272031109957,0.013003193494857568,0.0063455177125215645
2007-09-01,0.0,0.07127110442881812,-0.005312918764517116,0.037363344246259755,-0.016921491091885565,0.0019043650582595273
2007-10-01,0.0,0.051139390931641326,0.013213089085799323,0.00972328952475432,-0.0282945558432246,0.03675138248842691
2007-11-01,0.0,0.022197635942066363,-0.05597601285061893,-0.00337937753709594,-0.04220388136375841,-0.03661898619724013
2007-12-01,0.0,0.08295738708186029,-0.0530124832291039,0.09651360370831807,-0.050293500776112054,0.03171249802823173
2008-01-01,0.0,0.16389081525270643,0.06404594662442731,-0.06514091387489684,0.07190976248886105,-0.06841185748995604
2008-02-01,0.0,0.07814040365057395,-0.005970978047792674,0.11851547831881382,-0.08774653156039602,-0.02146836605775737
2008-03-01,0.0,-0.046167189300974076,0.07056510649985925,-0.012342863852474961,-0.023341643402612577,0.025110671100774584
2008-04-01,0.0,-0.09443756631366462,0.019109077766853222,0.05416407248695276,0.02574298489698168,0.009938816608207723
2008-05-01,0.0,-0.005883659586373824,-0.017225307098410303,0.0368718320967758,-0.08463862582369508,0.05001009968885417
2008-06-01,0.0,0.13330536150101158,-0.029786059389240283,0.11697389983955198,-0.09360823200821267,-0.008115896436213577
2008-07-01,0.0,-0.010413088409052085,0.048940865545695766,-0.15288220655560958,0.08111028466653458,-0.017630691179217117
2008-08-01,0.0,-0.10837123848082364,0.008284325862383035,-0.012093873896174667,-0.025162260601943265,0.0024428553333706304
2008-09-01,0.0,0.14050737956067283,0.0852788634712589,-0.05265650259286414,0.027957773234465577,-0.028086354327207408
2008-10-01,0.0,-0.0010416381158501187,-0.14800223334395246,-0.02502038477817492,-0.05136589610768094,0.0020234833618687498
2008-11-01,0.0,0.19534247230210877,-0.15756792864162228,0.04781685821882653,-0.11519743266400995,-0.014477595743434879
2008-12-01,0.0,0.07566050344384001,0.13455733889153687,-0.05158582568369896,-0.012723075624708202,0.008826713997439839
2009-01-01,0.0,0.13002601827551352,-0.07822726140470593,0.061965002660782975,-0.17629880691522026,0.03238826290010799
2009-02-01,0.0,0.121905077195534,-0.09780684819572438,-0.015952581500426,-0.07004015858738488,0.06930179858178143
2009-03-01,0.0,-0.1009821643794423,-0.0592877100229976,-0.043276030223518,0.08359769388331584,0.030619799901693723
2009-04-01,0.0,-0.14055497087515378,0.22545447707012567,-0.0234816679769414,0.12293626741254227,0.002707040234649627
2009-05-01,0.0,0.043872501991993884,-0.032295094832579085,0.07042397847098947,0.08134131781984943,-0.035265520524158545
2009-06-01,0.0,-0.04591469748223631,-0.041336367973675125,-0.06397184684272117,-0.016626487004415158,0.03799611391664193
2009-07-01,0.0,-0.05687666513773593,0.045215025297393074,-0.02180591816746058,0.013642071334873496,0.006043012705414741
2009-08-01,0.0,-0.036403770400830426,0.10629236770889605,-0.026074214539127727,0.09296041611034522,-0.02069581456843217
2009-09-01,0.0,0.027802383991352597,0.02496390862750464,0.023193040925730157,-0.014222108789865073,0.011908900955261315
2009-10-01,0.0,0.051781573589732455,-0.02065227044747875,0.04377178896945333,-0.04210331857079863,0.005758005932945842
2009-11-01,0.0,0.06625868915411637,0.004050087813759262,-0.03319010064864236,-0.018189958277571083,-0.0062935995036517145
2009-12-01,0.0,-0.0856779561189841,0.04654595691537877,-0.010299924309899788,-0.03137920349134138,0.04060919584931644
2010-01-01,0.0,0.018574140930123773,-0.011863800692876292,-0.007669937815543149,0.019531899436706968,-0.05147710587191723
2010-02-01,0.0,0.0015531134543471659,0.024635647374436243,-0.0011027376711845172,0.004065524565535439,0.0036332892334236533
2010-03-01,0.0,-0.060915040428397904,0.03713093661307454,-0.03194769602952774,0.029983796919990535,0.00847826525866835
2010-04-01,0.0,0.03918270681049596,0.059891908356725754,0.02554620592420931,-0.004176070672979204,-0.003873503930410971
2010-05-01,0.0,0.10996777993645179,0.026109206813575647,-0.035050997670604156,-0.012129480738119258,0.004636447194266258
2010-06-01,0.0,0.0797840395929037,-0.004767451530416578,-0.007293739269931376,-0.0030334663738131873,-0.0010706067212558068
2010-07-01,0.0,-0.12425441652115332,0.03290956608857365,0.015293815670767819,-0.0059744293197199205,0.004927669019145764
2010-08-01,0.0,0.10204197991794928,0.0322233285374639,-0.004053477413807682,-0.03319687570152441,-0.01113210315026536
2010-09-01,0.0,-0.035997529059573985,-0.048365242230357985,0.011168827961645755,-0.025493241417791968,0.028861469925193672
2010-10-01,0.0,-0.006937164924622818,0.013094694787296302,0.017823548276963974,-0.02684641511024144,0.01783921574184033
2010-11-01,0.0,0.021112978094167678,-0.018514870899675295,0.05857526008625902,-0.006868339153295211,-0.01642729004719623
2010-12-01,0.0,-0.036902302070627835,-0.02709085640014841,0.027071901292738065,0.04177209674102156,-0.009495978004550043
2011-01-01,0.0,-0.09247954713746898,0.01513519044270617,0.04788056316042799,0.003259301707758011,0.0067865235892654585
2011-02-01,0.0,0.025245485199540507,0.012315003046085904,0.03894678857161682,-0.007298631305445946,-0.012806197170285971
2011-03-01,0.0,0.020187613912289848,-0.019014772480049236,0.019612634681134056,-0.023093311779703085,-0.014618966223463259
2011-04-01,0.0,0.056015054171434375,0.031735732692310004,-0.020880546225781504,-0.0314260638714603,-0.0038706545544575643
2011-05-01,0.0,-0.006702225033644593,0.024961909394323523,-0.030659619114394965,-0.02175257019884025,0.0007436154794711047
2011-06-01,0.0,-0.0026056423083252733,-0.01944190049357275,-0.0011049449679300105,-0.009214779649328375,-0.007003233647283502
2011-07-01,0.0,0.09932400993009105,0.0394388900959276,0.03348620203298458,-0.017221899125923312,0.023447884422053256
2011-08-01,0.0,0.17772532390427287,-0.0012162726652924505,-0.04718264079737888,-0.040969957763692944,0.0018956465771409192
2011-09-01,0.0,-0.03641301025682819,-0.04278302765951114,-0.07337136360322438,-0.043128808888411085,0.039840951287976045
2011-10-01,0.0,-0.05617369079158574,0.03912573379872364,0.08121311919652707,0.0326542919027768,-0.008573904692890322
2011-11-01,0.0,0.020736621245987186,-0.033948014039819285,0.02070429098259252,-0.047047418812989794,-0.010930143540104242
2011-12-01,0.0,-0.11070484963097083,0.032930445254005125,-0.028632457757766572,0.010751885907902548,-0.010715841551436567
2012-01-01,0.0,0.06094405339213904,0.022571657956075297,-0.02611665736368507,0.035455249541217704,0.013718591452044127
2012-02-01,0.0,-0.0730554787155604,-0.05491282580268286,0.01586738837634516,0.006380997122722221,0.027626375962574556
2012-03-01,0.0,-0.04086814316139087,0.015953827905306195,-0.06945983781411424,0.04280105019851188,0.014136712709616361
2012-04-01,0.0,0.0008422305554975917,0.03918347165205871,-0.0009505629313739661,-0.01797750452905955,-0.0057755512637513995
2012-05-01,0.0,-0.0033248250828772363,0.014996932767099791,-0.04676627766111152,-0.03197283382850502,-0.003324845414618305
2012-06-01,0.0,-0.011671439256738969,0.01132765658565904,0.007844318442843612,0.009750734929980576,-0.006574078135230144
2012-07-01,0.0,-0.008695098019410041,0.011356703365194454,0.03741668808256349,-0.010891051383741246,0.0053299553006986855
2012-08-01,0.0,0.024343131920885552,-0.025203130191268408,0.0019388938628810415,0.009053692947152081,0.016984166283103175
2012-09-01,0.0,0.026799346347561093,-0.0462812574568241,0.0066562840087098785,0.008457869955440955,-0.008755045397121908
2012-10-01,0.0,-0.01647985531285201,0.011757183763914214,-0.002947531092394984,0.03707947732631167,-0.04674857450297076
2012-11-01,0.0,-0.010335476060850834,-0.008300899614054225,-0.017892714933445908,-0.014464745156594794,0.0033457861297634395
2012-12-01,0.0,-0.026098674964108115,0.022933948709572327,0.0032372804444258385,0.038145451405771524,-0.011440982982438785
2013-01-01,0.0,-0.06370716949491995,-0.008641865166391316,0.029902879943385585,0.008401760848467887,-0.033719219832174296
2013-02-01,0.0,-0.06362709493353591,-0.0005991271404957033,-0.008363136940871208,-0.0006758962650630362,-0.004935456145473083
2013-03-01,0.0,-0.02389792753972486,-0.012532735571762155,-0.012523022566123254,0.0018724301630437257,-0.011775003919724858
2013-04-01,0.0,-0.09936866643228648,0.051839724721059355,-0.032435864978677564,0.0066251504259200455,-0.0020763425548118164
2013-05-01,0.0,-0.08559786143953652,-0.08338686121187744,0.004881012851444266,0.03735271890549119,0.004312184410907527
2013-06-01,0.0,-0.0920510141879387,-0.010566716068702409,-0.008791792739464621,-0.0011198814752247932,-0.015259280832296218
2013-07-01,0.0,0.017059875032128247,-0.0385690882840275,0.00042188923896202546,0.0004754136422073785,-0.014736213265895914
2013-08-01,0.0,0.08203984414781385,-0.03980871020138688,0.019679058975631047,-0.021251871983683612,0.01959216598366742
2013-09-01,0.0,-0.07448067712326345,-0.0012157700226373969,-0.010214527446503308,-0.0024654670194246275,-0.006259934664708977
2013-10-01,0.0,-0.05483942095586902,0.00337365690806557,-0.0046000264492183085,-0.014183127646979043,0.0039262551154697345
2013-11-01,0.0,-0.08474944450342059,-0.08214716341426243,-0.029058999035325384,0.014601993527148194,0.0012692827794997807
2013-12-01,0.0,-0.058331904039422566,-0.034737966543473275,0.003560956264883064,-0.002696171300855088,0.009880767011455571
2014-01-01,0.0,0.06419928554485732,0.08902157352275342,-0.023561161116386065,-0.0020555481926134433,0.009072132583453518
2014-02-01,0.0,0.017187227137926753,0.0051381372372500955,0.005695598718161277,-0.015126714114858553,-0.0015755478712182747
2014-03-01,0.0,-0.035286475521380645,-0.005420111257226634,0.012221599694777208,0.02562838057315675,-0.003865052155693771
2014-04-01,0.0,-0.006460814511223489,0.028204837214344858,0.04632941146124114,-0.02476293705421606,-0.004330738399027867
2014-05-01,0.0,-0.053716928327629754,0.000785871707044361,-0.006457796591551324,-0.008179438372325043,0.01437963341606352
2014-06-01,0.0,0.04741278784204228,-0.013769455188202162,0.03447963756637895,0.004411095929244713,-0.0017639950360575085
2014-07-01,0.0,-0.027606513028669455,0.018834406494357525,-0.021473336065998216,-0.0019008141279085455,0.03034794526261453
2014-08-01,0.0,-0.03565419840797013,-0.009022635064101614,-0.017627300167855964,0.0029282031337742875,-0.006642999364105284
2014-09-01,0.0,-0.04337877859378558,-0.0506751892351921,-0.06385128107114602,0.010250862317058962,0.008950772942841523
2014-10-01,0.0,-0.05888372693233057,0.08125749781997227,-0.058684400459369734,0.004833762151690513,-0.007921867221690526
2014-11-01,0.0,-0.03235358755818485,-0.00746918187600043,-0.11440821184371186,-0.003982065418643765,0.02062862252428932
2014-12-01,0.0,0.021123457128706558,0.013348498938832498,-0.0002571012516607851,0.02153596723134099,-0.018818325212828446
2015-01-01,0.0,0.11117301892474674,0.1073562084768801,-0.01540120425188829,-0.04052360933063637,-0.005773337844076187
2015-02-01,0.0,-0.11525676151117126,-0.09294665160892956,-0.010275002923747945,0.0020310889982180225,0.0237453417425193
2015-03-01,0.0,-0.0014423875628177818,0.031354886627268375,0.0018562730567895924,0.010223104621383539,-0.018212200512946697
2015-04-01,0.0,-0.016013432234575853,-0.0671896858567883,0.05863867605470796,-0.009776606928437737,0.01737363361038624
2015-05-01,0.0,-0.007304171461700815,-0.015879721010643277,-0.06474342029099134,0.006622206332154379,0.005696749367275045
2015-06-01,0.0,0.009892613711627418,-0.031174824353428998,-0.016149472990034552,0.016111279239914844,-0.02036825502716877
2015-07-01,0.0,-0.09377325732857777,0.0408374463586767,-0.09833382372218968,0.011001830829059367,0.00556651446007872
2015-08-01,0.0,0.09802214145899524,-0.0019616442533719747,0.018430431667191383,-0.009656823460196473,0.00575936260631682
2015-09-01,0.0,0.012544936979591692,0.05095346728545258,-0.04817292494784309,-0.002307885137112886,0.01241060346322076
2015-10-01,0.0,-0.06786728390360519,-0.02254376363642474,0.029099461039648666,-0.022838420126065184,0.019344712699741473
2015-11-01,0.0,-0.07117545213121157,-0.009913307817566164,-0.003801270442154503,0.016278568225653434,0.0034469478457979097
2015-12-01,0.0,0.018582789323089988,0.027378684267269082,-0.09010610879893666,-0.006626928425275569,-0.0026087233720308856
2016-01-01,0.0,0.0982418053345614,0.023253385152985362,0.0178925113949302,-0.03870120591765658,0.011844606269733382
2016-02-01,0.0,0.11012887800050097,-0.0028115748572382637,-0.027176571955785045,-0.028179862543335377,-0.0057211785311783725
2016-03-01,0.0,-0.07021823443631792,0.0306364826656369,0.032060182073126775,0.005066677898218908,0.020953651980327948
2016-04-01,0.0,0.04196901224866001,-0.021696596818887137,0.08931223816899081,0.03147966858254425,-0.05458823713452643
2016-05-01,0.0,-0.07839472388997437,0.005473798007357811,-0.02634477639215005,0.0018638657576373063,0.031884116789102857
2016-06-01,0.0,0.09141057209021852,0.06147368957517774,0.02220270159897897,-0.035758200688953634,-0.016840637138541448
2016-07-01,0.0,-0.022014611401539597,0.010140993559414335,-0.04796212626982688,-0.001770968402768025,0.034370182474259714
2016-08-01,0.0,-0.03376052893662418,-0.03883940917843831,0.015573451039859965,0.03728046733533885,0.01042818511803123
2016-09-01,0.0,0.011860076740110803,-0.02009666246120123,0.035620253252878986,-0.027674765008276814,0.021779993563082356
2016-10-01,0.0,-0.017075999101077155,-0.03852424491104878,-0.009935632701828179,0.040060481681821414,0.008943762090253604
2016-11-01,0.0,-0.1204038455378611,-0.053594198286250005,0.04783087490793969,0.10348695699443278,-0.03515102924391411
2016-12-01,0.0,-0.03344341979684895,0.01232618962425125,-0.0023359831560676447,0.0185804652915047,0.0038116397442511385
2017-01-01,0.0,0.030297963382982296,-0.004881423167460985,-0.05090671724631002,-0.01676062074212359,0.016242716180787653
2017-02-01,0.0,-0.0074438410779726905,-0.0042060215451749094,-0.060142311607319754,0.013475445768335259,0.0060359741572857395
2017-03-01,0.0,-0.0011906468135784998,-0.028229333339478968,-0.01764716498356167,-0.029920646402990414,0.021424682950045182
2017-04-01,0.0,0.002947907787800741,-0.004572106567062528,-0.03796844876266936,-0.019213705524197433,0.00968062100132605
2017-05-01,0.0,-0.015354841539754971,-0.021359752850935054,-0.049490139088801954,-0.026012787512151414,0.025423867657793142
2017-06-01,0.0,-0.023046415212421567,0.011162505251957722,-0.009437466333744315,0.059584164404616,-0.0335095957279693
2017-07-01,0.0,-0.0023993374602506723,-0.0034856808703276343,0.007719867619868426,-0.0046165684796226625,0.023268652000260737
2017-08-01,0.0,0.039069757898225754,-0.005529110979952345,-0.05770641927064912,-0.018462004191687198,0.026298379064183308
2017-09-01,0.0,-0.04881072305951106,-0.026415717379469572,0.07239045445197267,0.03185204698846378,-0.010522428590492128
2017-10-01,0.0,-0.036128494689937396,-0.029185222293293123,-0.02390821313779412,0.004261551585062584,0.04030557481171115
2017-11-01,0.0,-0.0270022680355384,-0.00392375526833999,-0.013042325692097956,0.004020823356616576,-0.01642770434993257
2017-12-01,0.0,0.014076040180764915,-0.023688852901382673,0.038749833944486056,0.007190491165459223,-0.005257695764285808
2018-01-01,0.0,-0.02940933558230374,-0.08946526652239162,-0.019018367126578894,0.00875780952808003,0.012599853027608354
2018-02-01,0.0,0.015600771350341436,-0.04041711424247574,-0.07198959851452291,0.007107142257542165,0.032269928065876585
2018-03-01,0.0,0.03761024902779253,0.060192416404009075,0.04132929988670986,-0.01373892686772138,-0.009050177827743089
2018-04-01,0.0,-0.018733887218146617,0.008825021423850554,0.0935428131094358,-0.009922722453994837,-0.005452294304620686
2018-05-01,0.0,-0.036268073630656206,0.012489537448258536,0.005633082893796493,-0.03414493315677858,0.04351868400364123
2018-06-01,0.0,-0.037404418577846044,0.03119541751280952,-0.002307378195196663,-0.02296215818775893,-0.0074063801752555225
2018-07-01,0.0,-0.0641221764608031,-0.026360845035755975,-0.019304698578341828,0.013997295177918812,-0.01721518754022311
2018-08-01,0.0,-0.05330113300550321,-0.006169232673566283,-0.0666713088103631,-0.01832427680033999,0.03406979254301978
2018-09-01,0.0,-0.008019572051673918,-0.041507754976235156,0.016051527192328274,-0.02788583313496784,-0.004983061825413637
2018-10-01,0.0,0.08608570219297806,0.04924267038671104,-0.042294736885233775,0.021981872533201052,-0.012038665557141504
2018-11-01,0.0,-0.01516255951918577,0.02818195990686756,-0.034183864955029564,0.0077061579492216925,-0.038173971412365115
2018-12-01,0.0,0.14276337432190556,0.0029550686341235366,-0.03916335917975666,-0.02345304116791247,0.005618703177573625
2019-01-01,0.0,-0.05750683688149971,0.0455393179371506,0.03614853886386227,0.009418025550362641,-0.012354316592753323
2019-02-01,0.0,-0.03850802509351303,-0.025462059913646362,-0.009367658548555147,-0.010056328489810307,0.03668531263483765
2019-03-01,0.0,-0.029604950018721432,0.021129835387810214,-0.00030266468856043893,-0.04417927609383909,0.030676661557112128
2019-04-01,0.0,-0.05207567784371803,-0.0399091157169007,-0.037746277187252986,0.04997532982270925,0.021648151107044544
2019-05-01,0.0,0.08134536944592208,0.0651538109210692,-0.047255991674733044,-0.007963479230784332,-0.02287592811419492
2019-06-01,0.0,0.015619730047442992,-0.05853985151658603,0.01964709147325916,-0.003279023110226653,0.021137914313295036
2019-07-01,0.0,-0.019981336961424567,0.006772819430402421,-0.026926413626200074,0.008709290152413951,0.01858230294755936
2019-08-01,0.0,0.09586618023237803,0.05420496917382789,-0.06651050951402704,-0.030336365638793716,0.001390948619154564
2019-09-01,0.0,-0.048719382199251426,-0.0036023129276832044,0.015151889489377401,0.025347332460141647,-0.0021977520823799335
2019-10-01,0.0,-0.0011894808457437733,-0.007462424280802349,-0.03881672712708728,0.0034005675460575535,0.015403764247726048
2019-11-01,0.0,-0.06828383256128434,-0.0492416065371889,-0.02015213736937249,0.014324584783403704,0.0174651934478387
2019-12-01,0.0,0.012538044046684904,-0.027029213767840954,-0.004493271328215753,-0.0031251321018492817,0.015793053828099035
2020-01-01,0.0,0.04048576358722822,0.018637725923104753,-0.07887543068213232,-0.026196298422552444,0.038807818043580244
2020-02-01,0.0,0.07280375975426423,0.008900661714331348,-0.0737160659526005,-0.033317938688084525,0.006155985464962654
2020-03-01,0.0,0.12776362272034802,-0.0701729153239633,-0.2280861183228169,-0.08701108369365007,0.0394591016230017
2020-04-01,0.0,-0.06100048272873049,-0.03548679213793804,0.20328882604583765,-0.02970876723272231,0.009692781545460827
2020-05-01,0.0,-0.02176329923235354,-0.030301645076041384,-0.0276448055328522,-0.02043990983708932,0.024119595274717964
2020-06-01,0.0,0.014101480489551843,0.0009305918373923028,-0.03675344232727895,-0.02480901266955937,0.05327538845610169
2020-07-01,0.0,0.04435272685488001,-0.016869534832226085,-0.09942946132734476,-0.018466198883019924,-0.0037915703995774486
2020-08-01,0.0,-0.07303238002061252,-0.06537378635937685,-0.08034339855285155,-0.02693368830328513,0.04901150014215738
2020-09-01,0.0,-0.0004328887833953132,0.007152521795318778,-0.11860668371486638,0.0017760038710422643,-0.014161943610856098
2020-10-01,0.0,0.015836279713908663,-0.0014671612285840352,-0.004261748205551474,0.01775816664660912,-0.026908365886593066
2020-11-01,0.0,-0.1628630931567866,-0.012028090363121358,0.17116744436426412,0.05970588481139849,0.005060477559311938
2020-12-01,0.0,0.03749201320233997,-0.021575023558397133,-0.0016343338892945702,0.024742305693573163,0.020317474121371637
2021-01-01,0.0,-0.026266751475395367,0.022421321055968946,0.057313948239652746,-0.006739327528267225,-0.00010252965685297877
2021-02-01,0.0,-0.09037435454201737,0.0064455247453218956,0.19676196905919996,0.08825651547544933,-0.014154555447596362
2021-03-01,0.0,-0.05341980098942456,0.0034214159453027637,-0.023087544448674446,0.011866585484497705,-0.025765304691394597
2021-04-01,0.0,-0.020725094153011048,0.02854531247858083,-0.038951108488132435,0.01326530251717517,-0.002259591538384509
2021-05-01,0.0,0.07021772170525575,0.0015083782218676678,0.05053061231760547,0.041145165468039036,-0.015872034766618914
2021-06-01,0.0,-0.09056990686763144,2.9512040455870192e-05,0.012701272116425244,-0.053313135952043456,0.04781436760222424
2021-07-01,0.0,-0.002466783930075156,0.023875356787221858,-0.10155719896640936,-0.02845456162393245,0.013013210391203511
2021-08-01,0.0,-0.030525316629321675,-0.008214605273387354,-0.04980428201395426,0.021718768296016044,0.005833544927094758
2021-09-01,0.0,0.01741497134383485,-0.012976526922166332,0.12588987320989764,0.026994017050680386,-0.010402586539175696
2021-10-01,0.0,-0.05879485885311975,0.00438068542346981,0.04309452812201697,0.0037939747454704964,0.010081361914386244
2021-11-01,0.0,0.0011341028986001644,-0.013058269648743348,-0.042078377448251714,-0.04909368996157237,0.05254659761594804
2021-12-01,0.0,-0.009593998179200147,0.04426143203870092,-0.02591522117909273,-0.013870584493146598,-0.012061030254832739
2022-01-01,0.0,0.0326258014014571,-0.026200991942756824,0.2525405901215557,0.054461657012874753,-0.017265972544204145
2022-02-01,0.0,0.09073436672703161,-0.005309633727990315,0.10020881830597028,0.01569207718119925,-0.01925755881575364
2022-03-01,0.0,-0.021651576560109298,0.022478908135331377,0.0486490571637237,-0.039569105305036656,-0.0028330160826530726
2022-04-01,0.0,0.06423217590809405,0.0493050651894168,0.07746345805092059,-0.010967232047212838,-0.023594901888181474
2022-05-01,0.0,-0.03487274600910795,-0.049111397246187294,0.15808858042298413,0.025561167971279275,-0.009116278182183968
2022-06-01,0.0,0.07074724515378783,0.006059632293817563,-0.09352442293128305,-0.026928586602557036,-0.008502512622046376
2022-07-01,0.0,-0.12268644675797458,-0.003726188987505541,0.012122932983317458,-0.019231139848479906,0.040662033550770804
2022-08-01,0.0,0.011368731644598395,-0.01932328784453463,0.06732596833471394,0.021223225078174535,-0.021325434314156344
2022-09-01,0.0,0.0672767621992969,-0.04189107812785686,-0.0091833220563875,0.014766848656374787,-0.025680768202640203
2022-10-01,0.0,-0.10356152848422229,-0.03945479326875834,0.17756084270585348,0.03940636848005297,-0.0065309926495868975
2022-11-01,0.0,0.029327049908968394,0.005868672944681741,-0.04281380751144548,0.012977763268142706,0.007675543256495665
2022-12-01,0.0,0.09124230539064537,-0.001642566106784149,0.021562899020193593,0.0038251733162739665,-0.022794964497730552
2023-01-01,0.0,-0.010175477290500723,0.051861052713588984,-0.0290551201872995,0.007941134762220692,0.027943825133577516
2023-02-01,0.0,-0.028533382577036526,-0.03349992418287906,-0.044244676285152384,0.0021667781453991175,0.029261607440330795
2023-03-01,0.0,0.04602668049020586,-0.06439906120428296,-0.04341066370826341,-0.13307866071520624,0.07300356070847558
2023-04-01,0.0,-0.011229071097818677,-0.006666879283397931,0.01864142246146372,0.01699430470195007,-0.01883950296014958
2023-05-01,0.0,-0.01803614340887305,-0.04423219751801377,-0.10493349034150024,-0.047124494778653214,0.0845568502420655
2023-06-01,0.0,-0.08307270540024536,-0.016358992372131453,-0.001059985551774112,0.0005388488733581998,-0.0025437509620631626
2023-07-01,0.0,-0.01368289040285875,-0.004703102313885266,0.05066135530661375,0.016190202145698995,-0.008595543348827173
2023-08-01,0.0,0.0034744541155983244,-0.017527074770994244,0.032712764598321065,-0.010637244597785256,0.0011691909956678126
2023-09-01,0.0,0.0031768396728837356,-0.03079046253907336,0.06731465136298642,0.015587735237686529,-0.01599384302528839
2023-10-01,0.0,0.09198194138232418,-0.008579890339382557,-0.03231586542891385,-0.0018008404619598295,0.020882894126244667
2023-11-01,0.0,-0.06603012266459407,0.029473463478576045,-0.09850432077544968,0.018050495785147724,0.037611753193166564
2023-12-01,0.0,-0.028611841805397775,0.03968791412406292,-0.05018221792118249,0.005920692941092431,-0.0018996942384281734
2024-01-01,0.0,-0.03427359694271637,-0.058925593762018336,-0.015618347825626433,0.015909071789466322,0.00923609773260825
2024-02-01,0.0,-0.04762328532894511,-0.03239894266229637,-0.019457022535334767,-0.01142307560168776,-0.005141044406452799
2024-03-01,0.0,0.057180001085745946,-0.01863230516929959,0.06650315359574344,0.014621645364496727,-0.02327062755648268
2024-04-01,0.0,0.06723285197562301,-0.034234900573941185,0.03591619456627693,-0.000839743380764868,-0.018723521298075085
2024-05-01,0.0,-0.03439065236547156,-0.0049826578440450575,-0.05400162916968709,-0.018865212794975772,0.020189967351559313
2024-06-01,0.0,-0.03329788843116399,-0.025703745877803774,-0.05394653526123894,-0.04467910737999681,0.04451463466446337
2024-07-01,0.0,0.03829766386867517,0.0774373941083899,0.015437814439422048,0.052813161414341,-0.04652012400840111
2024-08-01,0.0,-0.002443067099956675,0.02884094196370479,-0.04407141672869941,0.02235922178614458,-0.016372979596518622
2024-09-01,0.0,0.03300603657085799,0.006189855899994212,-0.056006959805328216,-0.02706474661749958,0.006762348978015087
2024-10-01,0.0,0.04887727614343229,-0.01954319658217818,0.02321402349177648,0.035199081468484494,-0.00793977943165336
2024-11-01,0.0,-0.090874871040306,-0.017041960331649397,0.018704937895778873,0.04492758353761439,-0.007932559467021871
2024-12-01,0.0,0.013245320820258755,-0.06516814620675082,-0.07598450410638968,-0.03129497745663157,0.022156831769039376
2025-01-01,0.0,0.03754353301595503,-0.003975753451911146,0.0013851709649754795,0.039199153330780945,-0.03604022857657241
2025-02-01,0.0,0.03091112127311202,0.049690908566277,0.05103364954396172,0.026489408238446255,-0.010181117106589088
2025-03-01,0.0,0.1530171191269314,0.02276857860702286,0.08547427866676105,0.013131515662459514,-0.025916402951946083
2025-04-01,0.0,0.059932377178571805,-0.008699362795455579,-0.12617025061319098,-0.011836424603450357,0.02437576286116272
2025-05-01,0.0,-0.0634044092697269,-0.05163678711484465,-0.050049866882861505,-0.017725903325357173,0.03688380196008101
2025-06-01,0.0,-0.04423590914365594,-0.05119820597013858,-0.008056614180873112,-0.020618467696517984,0.04837368315624002
2025-07-01,0.0,-0.03219039624066422,-0.015324374388853146,0.01060774279479526,-0.022628770218011685,0.013218631603540976
2025-08-01,0.0,0.029355067282371916,0.014257194440975729,0.015944134495843976,0.010414266526261207,-0.021623249318512117
2025-09-01,0.0,0.08482708130154681,-0.041646912376761325,-0.04437339737487789,-0.03497977639352168,0.04119968467172441
2025-10-01,0.0,0.008910702801327774,-0.04186110580138003,-0.03180175934367635,-0.05132052061175996,0.041465829221859485
2025-11-01,0.0,0.044237019104494846,0.02434613735264579,0.016538359001187053,0.014564514407115259,-0.05271647803421464
